"","CombatEffectiveness","kills","injuries"
"Min.",67.25,0,2
"1st Qu.",373.95,0,4
"Median",475.93,0,5
"Mean",497.534752475248,2.55445544554455,4.55445544554455
"3rd Qu.",620.13,2,5
"Max.",946.89,79,5
