"","north_south","mean_CE","sd_CE","min_CE","max_CE","mean_KILLS","sd_KILLS","min_KILLS","max_KILLS","mean_INJ","sd_INJ","min_INJ","max_INJ"
"1","north",499.781506849315,174.065649697585,130.68,897.06,1.71232876712329,4.56581333893169,0,34,4.6027397260274,0.681903504647046,2,5
"2","south",491.677142857143,189.529885454572,67.25,946.89,4.75,14.9928995540235,0,79,4.42857142857143,0.87891226666077,2,5
